No,Nama Ebook,File ID,Link Google Drive
1,Saat_Engkau_Ingin_Berubah_Rahma_www_agoytea_com.pdf,145nlFpE2CbVCXDolLCqz5Km-Tmw8pXg9,https://drive.google.com/file/d/145nlFpE2CbVCXDolLCqz5Km-Tmw8pXg9/view?usp=drivesdk
2,Ilmu Bisnis Tionghoa.pdf,13k_pwFYaopcEv6iWeLfE11gj6rhJkC00,https://drive.google.com/file/d/13k_pwFYaopcEv6iWeLfE11gj6rhJkC00/view?usp=drivesdk
3,Cara Bersikap Tegas dalam Segala Situasi (Edisi Revisi).pdf,1EUk3qLQakDTC4lGXnrNeH-kiKta5tH40,https://drive.google.com/file/d/1EUk3qLQakDTC4lGXnrNeH-kiKta5tH40/view?usp=drivesdk
4,Berdamai Dengan Diri Sendiri - Muthia Sayekti.pdf,1TQ0ri1YQAiKTcYEo7ZapePZb_KZ3go0Z,https://drive.google.com/file/d/1TQ0ri1YQAiKTcYEo7ZapePZb_KZ3go0Z/view?usp=drivesdk
5,"Tentang Manusia Dari Pikiran, Pemahaman,.pdf",1uHRKbTHK5KBPmcpxDrEJ5kgcvX9vA0RG,https://drive.google.com/file/d/1uHRKbTHK5KBPmcpxDrEJ5kgcvX9vA0RG/view?usp=drivesdk
6,"Thinking, Fast and Slow (Co_ (Z-Library) (1).pdf",1zGYzcThTgcQgPoJ4fOM7c9upAaBX0_bI,https://drive.google.com/file/d/1zGYzcThTgcQgPoJ4fOM7c9upAaBX0_bI/view?usp=drivesdk
7,BERPIKIR DAN BERJIWA BESAR (1).pdf,1xIHgt77oNKOQk616aTaqqrkCG4ExLBzP,https://drive.google.com/file/d/1xIHgt77oNKOQk616aTaqqrkCG4ExLBzP/view?usp=drivesdk
8,Metode Jitu Meningkatkan Daya Ingat.pdf,1viBQk5zR0FyLNSvC_mQQR5QSyZB5secb,https://drive.google.com/file/d/1viBQk5zR0FyLNSvC_mQQR5QSyZB5secb/view?usp=drivesdk
9,10 Steps To A More Fulfilling Life - Dale Carnegie.pdf,1wGbopoG-sYeVUkLnMO3MH7cnXy3K_hQf,https://drive.google.com/file/d/1wGbopoG-sYeVUkLnMO3MH7cnXy3K_hQf/view?usp=drivesdk
10,Sejarah Dunia yang Disembunyikan (Jonathan Black).pdf,1JY03R6DSRFt90uDQTGTywvuJLILGXqJC,https://drive.google.com/file/d/1JY03R6DSRFt90uDQTGTywvuJLILGXqJC/view?usp=drivesdk
11,Pramoedya Ananta Toer-Bumi Manusia.pdf,17F2jf9_Q6NA-q64ATyFnWU7DELVVjgQp,https://drive.google.com/file/d/17F2jf9_Q6NA-q64ATyFnWU7DELVVjgQp/view?usp=drivesdk
12,Reach Your Dreams - Wirda Mansur.pdf,1eu1_0OqQaQ6Ytp0gkrJvGegHKwtK8xgG,https://drive.google.com/file/d/1eu1_0OqQaQ6Ytp0gkrJvGegHKwtK8xgG/view?usp=drivesdk
13,Bicara itu ada seninya.pdf,1YCggD6EJLAzr2EB5kaKtWWvr15Siv4XS,https://drive.google.com/file/d/1YCggD6EJLAzr2EB5kaKtWWvr15Siv4XS/view?usp=drivesdk
14,7 Prajurit Bapak (Wulan Nur_ (Z-Library).pdf,1H5N-nUSWaOqLkkRMbsMrkCXY2xbVoBYp,https://drive.google.com/file/d/1H5N-nUSWaOqLkkRMbsMrkCXY2xbVoBYp/view?usp=drivesdk
15,Bumi (Tere Liye) (Z-Library).pdf,1A-4V00ScaYBpX_k4dwOa5UYoakONqOSG,https://drive.google.com/file/d/1A-4V00ScaYBpX_k4dwOa5UYoakONqOSG/view?usp=drivesdk
16,"Berani Tidak Disukai (Ichiro Kishimi, Fumitake Koga) (z-lib.org).pdf",1Wa2bzQF7__y58I3iH34BFdCEO2LCOI70,https://drive.google.com/file/d/1Wa2bzQF7__y58I3iH34BFdCEO2LCOI70/view?usp=drivesdk
17,Covey - The 7 habits of highly effective people.pdf,1oK7zmWbU8yaARJoDWA4tOENh23C-N8jN,https://drive.google.com/file/d/1oK7zmWbU8yaARJoDWA4tOENh23C-N8jN/view?usp=drivesdk
18,As Long as The Lemon Trees_ (Z-Library).pdf,100sn2FH9il9C9FI0TY2EOXsnxHMUeMxT,https://drive.google.com/file/d/100sn2FH9il9C9FI0TY2EOXsnxHMUeMxT/view?usp=drivesdk
19,Cantik Itu Luka (Eka Kurnia_ (Z-Library).pdf,12qcDUCJ9jFfKnz_V7LLNGnQMiFvVviqx,https://drive.google.com/file/d/12qcDUCJ9jFfKnz_V7LLNGnQMiFvVviqx/view?usp=drivesdk
20,Good Vibes Good Life Bahasa Indonesia.pdf,1LKvXYNoV2-HA0ZLw2_S6JRsbTzuks6vI,https://drive.google.com/file/d/1LKvXYNoV2-HA0ZLw2_S6JRsbTzuks6vI/view?usp=drivesdk
21,Azzamine (Azzam  Jasmine) (_ (Z-Library).pdf,1LzeHyGxzYY2_ktGCD-qLYZtGD0Jsx43L,https://drive.google.com/file/d/1LzeHyGxzYY2_ktGCD-qLYZtGD0Jsx43L/view?usp=drivesdk
22,Bulan (Tere Liye) (Z-Library).pdf,1NF73lrGUrCMAW5hOh9yIHxa_Ilv778_b,https://drive.google.com/file/d/1NF73lrGUrCMAW5hOh9yIHxa_Ilv778_b/view?usp=drivesdk
23,Ikigai _ the Japanese secret to a long and happy life ( PDFDrive.com ).pdf,1TuJ7VZsqwii5oG5K79GFrKcnN96FzdCL,https://drive.google.com/file/d/1TuJ7VZsqwii5oG5K79GFrKcnN96FzdCL/view?usp=drivesdk
24,Hujan (Cover Baru) - Tere Liye.pdf,1a-kq-p2KJ5PeoZipt5ShSCnLhBSZ-QQH,https://drive.google.com/file/d/1a-kq-p2KJ5PeoZipt5ShSCnLhBSZ-QQH/view?usp=drivesdk
25,Funiculi Funicula (Toshikaz_ (Z-Library).pdf,1j-L4VEdWfQ1CJXUstqOSPWk6keNl8krH,https://drive.google.com/file/d/1j-L4VEdWfQ1CJXUstqOSPWk6keNl8krH/view?usp=drivesdk
26,SEJARAH TUHAN - KAREN AMSTRONG.pdf,17pGDCVqkF4MNqFV9yjkFYBDA47qJFrnr,https://drive.google.com/file/d/17pGDCVqkF4MNqFV9yjkFYBDA47qJFrnr/view?usp=drivesdk
27,laut bercerita-leila-s-chudori.pdf.pdf,1TxFsdjd4Z86BOnFjKXy8UID0NuVO2m_N,https://drive.google.com/file/d/1TxFsdjd4Z86BOnFjKXy8UID0NuVO2m_N/view?usp=drivesdk
28,ILY by Tere Liye (SFILE.MOBI).pdf,1VjW61V96cnDUI1GIOkHjHfWVFzc-XKnY,https://drive.google.com/file/d/1VjW61V96cnDUI1GIOkHjHfWVFzc-XKnY/view?usp=drivesdk
29,Nunchi Seni Membaca Pikiran_ (Z-Library).pdf,1iLS27-5icK6B7ms6tWHo1n38VyVOeQVr,https://drive.google.com/file/d/1iLS27-5icK6B7ms6tWHo1n38VyVOeQVr/view?usp=drivesdk
30,Once Upon A Broken Heart (S_ (Z-Library).pdf,1nHI9DBH2qIJ6g2W3mEXZ3kMTbJevRpfv,https://drive.google.com/file/d/1nHI9DBH2qIJ6g2W3mEXZ3kMTbJevRpfv/view?usp=drivesdk
31,Novel Funiculi Funicula 2 K_ (Z-Library).pdf,1qRv41cPgR9EPz6eVffG_moUdXKCHPHiX,https://drive.google.com/file/d/1qRv41cPgR9EPz6eVffG_moUdXKCHPHiX/view?usp=drivesdk
32,Malioboro at midnight (Skys_ (Z-Library).pdf,1qqkihciehVFXOrDr3Ypg-cv9pfl4mGdv,https://drive.google.com/file/d/1qqkihciehVFXOrDr3Ypg-cv9pfl4mGdv/view?usp=drivesdk
33,Filosofi Teras - Henry Manampiring.pdf,1xRUQ53GFbTADNA-tkDP1LikGMrdySWR_,https://drive.google.com/file/d/1xRUQ53GFbTADNA-tkDP1LikGMrdySWR_/view?usp=drivesdk
34,Mindset Changing b.indonesia.pdf,1zdZHOvNdKEYqx8PYmf3WKUuFbtXEX9Z7,https://drive.google.com/file/d/1zdZHOvNdKEYqx8PYmf3WKUuFbtXEX9Z7/view?usp=drivesdk
35,Jika Kita Tak Pernah Jadi A_ (Z-Library).pdf,1GhUYHuPeb9YpX6bH11xqymUvccWzZ60T,https://drive.google.com/file/d/1GhUYHuPeb9YpX6bH11xqymUvccWzZ60T/view?usp=drivesdk
36,Sepasang yang melawan 2.pdf,1IF9tNxXg7cpfW70_UN4hYksr-ZZ70TGj,https://drive.google.com/file/d/1IF9tNxXg7cpfW70_UN4hYksr-ZZ70TGj/view?usp=drivesdk
37,Secret Of Divine Love (A. H_ (Z-Library).pdf,1N0f1-jU07kE_yI1uknpS240Mx1gqiUi1,https://drive.google.com/file/d/1N0f1-jU07kE_yI1uknpS240Mx1gqiUi1/view?usp=drivesdk
38,Steal-LikeanArtist.pdf,1QRZwol5b1m3j2p0elot4PYA6sma-Prgm,https://drive.google.com/file/d/1QRZwol5b1m3j2p0elot4PYA6sma-Prgm/view?usp=drivesdk
39,The Girl who Fell Beneath t_ (Z-Library).pdf,1TscVpI232GTUswXc7kUSr09qL3yh1t6E,https://drive.google.com/file/d/1TscVpI232GTUswXc7kUSr09qL3yh1t6E/view?usp=drivesdk
40,hello cello -nadia-ristivani- pdf.pdf,1efU_OBnYSphmHZDbRfmyXGgN1lb2CW0A,https://drive.google.com/file/d/1efU_OBnYSphmHZDbRfmyXGgN1lb2CW0A/view?usp=drivesdk
41,Tere Liye - Hello (SFILE.MOBI).pdf,1fTl3RFiaQKMl4Lqx18pjLuVByLpUDuA1,https://drive.google.com/file/d/1fTl3RFiaQKMl4Lqx18pjLuVByLpUDuA1/view?usp=drivesdk
42,Sepasang yang melawan 1.pdf,1iUyvKoclzsHbpSq2bLdX57Vsxwor43Nq,https://drive.google.com/file/d/1iUyvKoclzsHbpSq2bLdX57Vsxwor43Nq/view?usp=drivesdk
43,The Girl Who Drank The Moon_ (Z-Library).pdf,1wh5IwGm2gEoM0bIcuUwOXDmZEznWQCUp,https://drive.google.com/file/d/1wh5IwGm2gEoM0bIcuUwOXDmZEznWQCUp/view?usp=drivesdk
44,Atomic Habits.pdf,1KOmY1RLl6SferBsn14T2JsE42TYCyIH8,https://drive.google.com/file/d/1KOmY1RLl6SferBsn14T2JsE42TYCyIH8/view?usp=drivesdk
45,toaz.info-pit-sansi-surat-cinta-tanpa-namapdf-pr_088169f568475fba485810cfc037e37b.pdf,1Q_gJjTjr6BYRoEof4jv3xR0OCoJ0QKs7,https://drive.google.com/file/d/1Q_gJjTjr6BYRoEof4jv3xR0OCoJ0QKs7/view?usp=drivesdk
46,Yellowface (R.F.Kuang) (Z-Library).pdf,1VMp86CD0HXcQKHHBM142kv60Bg5euDFK,https://drive.google.com/file/d/1VMp86CD0HXcQKHHBM142kv60Bg5euDFK/view?usp=drivesdk
47,THE MAGIC OF THINKING BIG by David J Schwartz (z-lib.org).pdf,1hV1yLcVrWTXWcVWeg7jXC2z0GpnlnZoz,https://drive.google.com/file/d/1hV1yLcVrWTXWcVWeg7jXC2z0GpnlnZoz/view?usp=drivesdk
48,The_Psychology_of_Money_Morgan_Housel_z.pdf,1j7nevbGwvllklb9NMdk90IsifiLUU41I,https://drive.google.com/file/d/1j7nevbGwvllklb9NMdk90IsifiLUU41I/view?usp=drivesdk
49,toaz.info-kumpul-pdf-saga-by-pit-sansi-pdf-pr_d7ce6b4bead676eb69b32e6221d682ea.pdf,1jW1cdOkJwkZpHMZa3w8iYia5oCQ1GiiG,https://drive.google.com/file/d/1jW1cdOkJwkZpHMZa3w8iYia5oCQ1GiiG/view?usp=drivesdk
50,toaz.info-kumpul-pdf-altero-by-laju19-pr_fb0075a77abbd7061a6026314c522337.pdf,1vGOLU89bt1FXam_f6sHvlVwvarqjSksb,https://drive.google.com/file/d/1vGOLU89bt1FXam_f6sHvlVwvarqjSksb/view?usp=drivesdk
51,The Alpha Girl’s Guide (Henry Manampiring).pdf,1ygNeLT30xQEytpDSs9gmvfBHwX4-xtnW,https://drive.google.com/file/d/1ygNeLT30xQEytpDSs9gmvfBHwX4-xtnW/view?usp=drivesdk
52,The Principles Of Power-Dion Yulianto.pdf,148R-ulPcgVZ5nCZyXDV2kI3VuN8_sHuh,https://drive.google.com/file/d/148R-ulPcgVZ5nCZyXDV2kI3VuN8_sHuh/view?usp=drivesdk
53,Jika Kita Tak Pernah Jatuh_ (Z-Library).pdf,1Cg-OQZ81a1e03aAyStavnPQWw_ptlDbc,https://drive.google.com/file/d/1Cg-OQZ81a1e03aAyStavnPQWw_ptlDbc/view?usp=drivesdk
54,Trik Memikat   Mempengaruhi Lawan Bicara  Yoga Pratama  (SFILE.MOBI).pdf,1ZIk0aSuKBw5oJsZYROewU8GwTM-J6otV,https://drive.google.com/file/d/1ZIk0aSuKBw5oJsZYROewU8GwTM-J6otV/view?usp=drivesdk
55,ID  It Is Bad or Good Habits by Sabrina Ara (SFILE.MOBI).pdf,1d6cEKXNKoqJgf3o0J_xZUOrtNNs5-IOy,https://drive.google.com/file/d/1d6cEKXNKoqJgf3o0J_xZUOrtNNs5-IOy/view?usp=drivesdk
56,Sebuah Seni untuk Bersikap_ (Z-Library).pdf,1kFeZ7oZg9kGKilpk4SmwXL2H2N2enWTH,https://drive.google.com/file/d/1kFeZ7oZg9kGKilpk4SmwXL2H2N2enWTH/view?usp=drivesdk